label,text
1,ESAS COSAS Y OTRAS PUEDEN PASAR POR MANTENER A LA INMIGRACION ILEGAL EN ESPA√ëA Y NO EXPULSARLOS ¬øNO? - La agresi√≥n de los manteros a un turista pone a Colau en un aprieto https://t.co/C7mZWXAl9P v√≠a @Elperiodico
1,"28: te amodio, odio a la perra de tu amiga ‚ò∫Ô∏è‚ò∫Ô∏èpero t√∫ eres mi vida *tijerazo*"
1,@LaDivinaDiva Callate maldita perra. O seguro eres un pobre marico detras de un user femenino. Chavista colaborador
1,@MarysabelPuerto Mejor callate cara de puta o reputa como tu madre.. Se nota que te hacen falta estos https://t.co/3jeehNQzy1
1,@xarita327 @TRIKYHUMOR @yonier2012 @casTa1326 @LizMontoyapan30 @El_SuperRaton @changodepravado C√°llate puta!!
1,@CocotePR @ashleyhonohan callate puta
1,"Y el inmigrante recibe ayuda del rico Estado ladr√≥n, que se olvida de los nacionales, mientras nos viola y mata. Pintada con una verdad a medias. https://t.co/4icBlhB3j9"
1,"De los moros no se puede esperar nada bueno, y esto te lo dicen los propios √°rabes. Que tambi√©n han luchado contra ellos.  #StopInvasion #StopIslam #Closeborders #Openborders. https://t.co/MfmBlBK55I"
1,¬øPor que si a una mujer le pegan un tiro en la cabeza dura tres dias en morirse? Porque a los tres dias la bala encuentra el cerebro.
1,"Analicemos esto: ¬øSi te pones unos shorts as√≠, en la calle, ¬øqu√© esperas que te digan? ¬øAcoso? ¬øO Provocaci√≥n... https://t.co/vRDyNzMdCG"
0,"""See... Tal vez les recordo como Peron protegio a Eichmann y cientos de nazis. O les conto a los arabes """"El chiste del araba que se lo garcho un camello"""" https://t.co/AKonmuHKn0"""
0,PIETRAPIERCE STORY: PURS SANGS ARABES STARS DES FESTIVITES A AGAR EL M... https://t.co/G2HgYnflxg
0,¬øQu√© dice este de frivolizar el acoso escolar? ¬øPor favor quer√©is dejar de decir semejantes tonter√≠as? https://t.co/ndVjx73SH3
0,#Suiza üá®üá≠ retira el permiso a 189 refugiados que fueron de vacaciones a sus pa√≠ses   https://t.co/CLtwIle75v v√≠a @abc_es
0,Hoy quiero denunciaaaaaaar A LA GENTE PUTO GUARRA QUE HUELE A SUDOR Y CHORIZO Y SE SUBE AL BUS DEJANDO A TOL MUNDO KO. Shame on you ü§¨
0,Redomicilie su sociedad offshore en Emiratos √Årabes Unidos. https://t.co/gJYLHarqZA
0,"@hermanntertsch Basta! Poned pie en pared a tanta provocaci√≥n y cortad la humillaci√≥n de estos cuatro hijos de perra,"
0,SEMANA DE LA JUVENTUD. TORNEO FUTBOL7  / FUTBOL 5 CATEGORIA CADETE EQUIPOS INSCRITOS: LOS YOGURINES LA ELITE RAYO DONBENITENSE LOS NEGRATAS FUENLABRADA MINATO DE KIEV LOS JOSEWIFAKERS VOOLKA... https://t.co/JQ3DiaXtbb
0,@lNeko_ @xTiko98 Callate y metete party de una puta vez
0,"Cu√°ntos inmigrantes creemos que hay, y cu√°ntos hay en realidad. Ciudadanos de un lugar llamado mundo... https://t.co/ngyCsVJjBp"
